WikiPageName,Party,State,Name,tw_id,tw_name
Don_Young,Republican,Alaska,Don Young,37007274.0,repdonyoung
Jim_Sensenbrenner,Republican,Wisconsin,Jim Sensenbrenner,851621377.0,JimPressOffice
Hal_Rogers,Republican,Kentucky,Hal Rogers,550401754.0,RepHalRogers
Chris_Smith_(New_Jersey_politician),Republican,New Jersey,Chris Smith,1289319271.0,RepChrisSmith
Steny_Hoyer,Democratic,Maryland,Steny Hoyer,22012091.0,LeaderHoyer
Marcy_Kaptur,Democratic,Ohio,Marcy Kaptur,581141508.0,RepMarcyKaptur
Pete_Visclosky,Democratic,Indiana,Pete Visclosky,193872188.0,RepVisclosky
Peter_DeFazio,Democratic,Oregon,Peter DeFazio,252249233.0,RepPeterDeFazio
John_Lewis_(civil_rights_leader),Democratic,Georgia,John Lewis,29450962.0,repjohnlewis
Fred_Upton,Republican,Michigan,Fred Upton,124224165.0,RepFredUpton
Nancy_Pelosi,Democratic,California,Nancy Pelosi,15764644.0,SpeakerPelosi
Frank_Pallone,Democratic,New Jersey,Frank Pallone,31801993.0,FrankPallone
Eliot_Engel,Democratic,New York,Eliot Engel,164007407.0,RepEliotEngel
Nita_Lowey,Democratic,New York,Nita Lowey,221792092.0,NitaLowey
Richard_Neal,Democratic,Massachusetts,Richard Neal,442824717.0,RepRichardNeal
José_E._Serrano,Democratic,New York,José E. Serrano,33563161.0,RepJoseSerrano
David_Price_(American_politician),Democratic,North Carolina,David Price,155669457.0,RepDavidEPrice
Rosa_DeLauro,Democratic,Connecticut,Rosa DeLauro,140519774.0,rosadelauro
Maxine_Waters,Democratic,California,Maxine Waters,36686040.0,RepMaxineWaters
Jerrold_Nadler,Democratic,New York,Jerrold Nadler,40302336.0,RepJerryNadler
Jim_Cooper,Democratic,Tennessee,Jim Cooper,22523087.0,repjimcooper
Ken_Calvert,Republican,California,Ken Calvert,22545491.0,KenCalvert
Jim_Clyburn,Democratic,South Carolina,Jim Clyburn,188019606.0,WhipClyburn
Anna_Eshoo,Democratic,California,Anna Eshoo,249348006.0,RepAnnaEshoo
Gene_Green,Democratic,Texas,Gene Green,1.08047728896e+18,RepMarkGreen
Alcee_Hastings,Democratic,Florida,Alcee Hastings,2433737761.0,RepHastingsFL
Peter_T._King,Republican,New York,Peter T. King,18277655.0,RepPeteKing
Carolyn_Maloney,Democratic,New York,Carolyn Maloney,258900199.0,RepMaloney
Lucille_Roybal-Allard,Democratic,California,Lucille Roybal-Allard,479872233.0,RepRoybalAllard
Bobby_Rush,Democratic,Illinois,Bobby Rush,305216911.0,RepBobbyRush
Bobby_Scott_(politician),Democratic,Virginia,Bobby Scott,161791703.0,BobbyScott
Bennie_Thompson,Democratic,Mississippi,Bennie Thompson,82453460.0,BennieGThompson
Frank_Lucas_(Oklahoma_politician),Republican,Oklahoma,Frank Lucas,242772524.0,RepFrankLucas
Lloyd_Doggett,Democratic,Texas,Lloyd Doggett,153944899.0,RepLloydDoggett
Michael_F._Doyle,Democratic,Pennsylvania,Michael F. Doyle,39249305.0,USRepMikeDoyle
Sheila_Jackson_Lee,Democratic,Texas,Sheila Jackson Lee,80612021.0,JacksonLeeTX18
Zoe_Lofgren,Democratic,California,Zoe Lofgren,267938462.0,RepZoeLofgren
Mac_Thornberry,Republican,Texas,Mac Thornberry,377534571.0,MacTXPress
Elijah_Cummings,Democratic,Maryland,Elijah Cummings,787373558.0,RepCummings
Earl_Blumenauer,Democratic,Oregon,Earl Blumenauer,15954997.0,repblumenauer
Robert_Aderholt,Republican,Alabama,Robert Aderholt,76452765.0,Robert_Aderholt
Kevin_Brady,Republican,Texas,Kevin Brady,19926675.0,RepKevinBrady
Danny_K._Davis,Democratic,Illinois,Danny K. Davis,789244177.0,RepDannyDavis
Diana_DeGette,Democratic,Colorado,Diana DeGette,28599820.0,RepDianaDeGette
Kay_Granger,Republican,Texas,Kay Granger,161743731.0,RepKayGranger
Ron_Kind,Democratic,Wisconsin,Ron Kind,112740986.0,RepRonKind
Jim_McGovern_(American_politician),Democratic,Massachusetts,Jim McGovern,242426145.0,RepMcGovern
Bill_Pascrell,Democratic,New Jersey,Bill Pascrell,74508260.0,BillPascrell
Brad_Sherman,Democratic,California,Brad Sherman,30216513.0,BradSherman
John_Shimkus,Republican,Illinois,John Shimkus,15600527.0,RepShimkus
Adam_Smith_(politician),Democratic,Washington,Adam Smith,58928690.0,RepAdamSmith
Gregory_Meeks,Democratic,New York,Gregory Meeks,22812754.0,RepGregoryMeeks
Barbara_Lee,Democratic,California,Barbara Lee,248735463.0,RepBarbaraLee
Steve_Chabot,Republican,Ohio,Steve Chabot,237750442.0,RepSteveChabot
Joe_Crowley,Democratic,New York,Joe Crowley,111635980.0,JoeCrowleyNY
John_B._Larson,Democratic,Connecticut,John B. Larson,50452197.0,RepJohnLarson
Grace_Napolitano,Democratic,California,Grace Napolitano,161411080.0,gracenapolitano
Jan_Schakowsky,Democratic,Illinois,Jan Schakowsky,24195214.0,janschakowsky
Mike_Simpson,Republican,Idaho,Mike Simpson,76132891.0,CongMikeSimpson
Mike_Thompson_(California_politician),Democratic,California,Mike Thompson,303861808.0,RepThompson
Greg_Walden,Republican,Oregon,Greg Walden,32010840.0,repgregwalden
Lacy_Clay,Democratic,Missouri,Lacy Clay,584912320.0,LacyClayMO1
Susan_Davis_(politician),Democratic,California,Susan Davis,432771620.0,RepSusanDavis
Sam_Graves,Republican,Missouri,Sam Graves,29766367.0,RepSamGraves
James_Langevin,Democratic,Rhode Island,James Langevin,18909919.0,JimLangevin
Rick_Larsen,Democratic,Washington,Rick Larsen,404132211.0,RepRickLarsen
Betty_McCollum,Democratic,Minnesota,Betty McCollum,516880804.0,BettyMcCollum04
Adam_Schiff,Democratic,California,Adam Schiff,29501253.0,RepAdamSchiff
Pat_Tiberi,Republican,Ohio,Pat Tiberi,912608010.0,PatTiberi
Stephen_F._Lynch,Democratic,Massachusetts,Stephen F. Lynch,310310133.0,RepStephenLynch
Joe_Wilson_(American_politician),Republican,South Carolina,Joe Wilson,254082173.0,RepJoeWilson
Rob_Bishop,Republican,Utah,Rob Bishop,148006729.0,RepRobBishop
Michael_C._Burgess,Republican,Texas,Michael C. Burgess,15751083.0,michaelcburgess
John_Carter_(Texas_politician),Republican,Texas,John Carter,18030431.0,JudgeCarter
Tom_Cole,Republican,Oklahoma,Tom Cole,23124635.0,TomColeOK04
Raúl_Grijalva,Democratic,Arizona,Raúl Grijalva,28602948.0,RepRaulGrijalva
Steve_King,Republican,Iowa,Steve King,48117116.0,SteveKingIA
Tim_Murphy_(American_politician),Republican,Pennsylvania,Tim Murphy,1.17397807054e+18,RepGregMurphy
Devin_Nunes,Republican,California,Devin Nunes,344972339.0,RepDevinNunes
Mike_Rogers_(Alabama_politician),Republican,Alabama,Mike Rogers,33977070.0,RepMikeRogersAL
Dutch_Ruppersberger,Democratic,Maryland,Dutch Ruppersberger,305620929.0,Call_Me_Dutch
Tim_Ryan_(politician),Democratic,Ohio,Tim Ryan,13491312.0,RepTimRyan
Linda_Sánchez,Democratic,California,Linda Sánchez,312134473.0,RepLindaSanchez
David_Scott_(Georgia_politician),Democratic,Georgia,David Scott,168673083.0,repdavidscott
Mike_Turner,Republican,Ohio,Mike Turner,51228911.0,RepMikeTurner
G._K._Butterfield,Democratic,North Carolina,G. K. Butterfield,432676344.0,GKButterfield
Emanuel_Cleaver,Democratic,Missouri,Emanuel Cleaver,163570705.0,repcleaver
Mike_Conaway,Republican,Texas,Mike Conaway,295685416.0,ConawayTX11
Jim_Costa,Democratic,California,Jim Costa,245451804.0,RepJimCosta
Henry_Cuellar,Democratic,Texas,Henry Cuellar,210926192.0,RepCuellar
Jeff_Fortenberry,Republican,Nebraska,Jeff Fortenberry,18805303.0,JeffFortenberry
Virginia_Foxx,Republican,North Carolina,Virginia Foxx,16256269.0,virginiafoxx
Louie_Gohmert,Republican,Texas,Louie Gohmert,22055226.0,replouiegohmert
Al_Green_(politician),Democratic,Texas,Al Green,156333623.0,RepAlGreen
Brian_Higgins,Democratic,New York,Brian Higgins,33576489.0,RepBrianHiggins
Dan_Lipinski,Democratic,Illinois,Dan Lipinski,1009269193.0,RepLipinski
Kenny_Marchant,Republican,Texas,Kenny Marchant,23976316.0,RepKenMarchant
Michael_McCaul,Republican,Texas,Michael McCaul,26424123.0,RepMcCaul
Patrick_McHenry,Republican,North Carolina,Patrick McHenry,27676828.0,PatrickMcHenry
Cathy_McMorris_Rodgers,Republican,Washington,Cathy McMorris Rodgers,17976923.0,cathymcmorris
Gwen_Moore,Democratic,Wisconsin,Gwen Moore,22669526.0,RepGwenMoore
Debbie_Wasserman_Schultz,Democratic,Florida,Debbie Wasserman Schultz,1140648348.0,RepDWStweets
Doris_Matsui,Democratic,California,Doris Matsui,38254095.0,DorisMatsui
Albio_Sires,Democratic,New Jersey,Albio Sires,18696134.0,RepSires
Gus_Bilirakis,Republican,Florida,Gus Bilirakis,26051676.0,RepGusBilirakis
Vern_Buchanan,Republican,Florida,Vern Buchanan,20467163.0,VernBuchanan
Kathy_Castor,Democratic,Florida,Kathy Castor,1880674038.0,USRepKCastor
Yvette_Clarke,Democratic,New York,Yvette Clarke,240812994.0,RepYvetteClarke
Steve_Cohen,Democratic,Tennessee,Steve Cohen,162069635.0,RepCohen
Joe_Courtney_(politician),Democratic,Connecticut,Joe Courtney,85396297.0,RepJoeCourtney
Hank_Johnson,Democratic,Georgia,Hank Johnson,24745957.0,RepHankJohnson
Jim_Jordan_(American_politician),Republican,Ohio,Jim Jordan,18166778.0,Jim_Jordan
Doug_Lamborn,Republican,Colorado,Doug Lamborn,584012853.0,RepDLamborn
Dave_Loebsack,Democratic,Iowa,Dave Loebsack,510516465.0,daveloebsack
Kevin_McCarthy_(California_politician),Republican,California,Kevin McCarthy,19739126.0,GOPLeader
Jerry_McNerney,Democratic,California,Jerry McNerney,385429543.0,RepMcNerney
Ed_Perlmutter,Democratic,Colorado,Ed Perlmutter,20552026.0,RepPerlmutter
Pete_Roskam,Republican,Illinois,Pete Roskam,20015903.0,PeterRoskam
John_Sarbanes,Democratic,Maryland,John Sarbanes,364415553.0,RepSarbanes
Adrian_Smith_(politician),Republican,Nebraska,Adrian Smith,296245061.0,RepAdrianSmith
Tim_Walz,Democratic,Minnesota,Tim Walz,85726335.0,Tim_Walz
Peter_Welch,Democratic,Vermont,Peter Welch,1410590874.0,PeterWelch
John_Yarmuth,Democratic,Kentucky,John Yarmuth,384913290.0,RepJohnYarmuth
Bob_Latta,Republican,Ohio,Bob Latta,15394954.0,boblatta
Rob_Wittman,Republican,Virginia,Rob Wittman,15356407.0,RobWittman
André_Carson,Democratic,Indiana,André Carson,199325935.0,RepAndreCarson
Jackie_Speier,Democratic,California,Jackie Speier,24913074.0,RepSpeier
Steve_Scalise,Republican,Louisiana,Steve Scalise,1209417007.0,SteveScalise
Marcia_Fudge,Democratic,Ohio,Marcia Fudge,153486399.0,RepMarciaFudge
Gerry_Connolly,Democratic,Virginia,Gerry Connolly,78445977.0,GerryConnolly
Brett_Guthrie,Republican,Kentucky,Brett Guthrie,1908143071.0,RepGuthrie
Jim_Himes,Democratic,Connecticut,Jim Himes,31611298.0,jahimes
Duncan_D._Hunter,Republican,California,Duncan D. Hunter,1305596696.0,Rep_Hunter
Blaine_Luetkemeyer,Republican,Missouri,Blaine Luetkemeyer,1849261916.0,RepBlaine
Ben_Ray_Luján,Democratic,New Mexico,Ben Ray Luján,19318314.0,repbenraylujan
Tom_McClintock,Republican,California,Tom McClintock,50152441.0,RepMcClintock
Pete_Olson,Republican,Texas,Pete Olson,20053279.0,RepPeteOlson
Chellie_Pingree,Democratic,Maine,Chellie Pingree,14984637.0,chelliepingree
Bill_Posey,Republican,Florida,Bill Posey,25086658.0,congbillposey
Phil_Roe_(politician),Republican,Tennessee,Phil Roe,52503751.0,DrPhilRoe
Kurt_Schrader,Democratic,Oregon,Kurt Schrader,20545793.0,RepSchrader
Glenn_Thompson_(politician),Republican,Pennsylvania,Glenn Thompson,18967498.0,CongressmanGT
Paul_Tonko,Democratic,New York,Paul Tonko,84119348.0,RepPaulTonko
Mike_Quigley_(politician),Democratic,Illinois,Mike Quigley,56864092.0,RepMikeQuigley
Judy_Chu,Democratic,California,Judy Chu,193732179.0,RepJudyChu
John_Garamendi,Democratic,California,John Garamendi,88806753.0,RepGaramendi
Ted_Deutch,Democratic,Florida,Ted Deutch,137794015.0,RepTedDeutch
Tom_Graves,Republican,Georgia,Tom Graves,190328374.0,RepTomGraves
Tom_Reed_(politician),Republican,New York,Tom Reed,252819323.0,RepTomReed
Tim_Walberg,Republican,Michigan,Tim Walberg,237862972.0,RepWalberg
Bill_Foster_(politician),Democratic,Illinois,Bill Foster,1080509366.0,RepBillFoster
Justin_Amash,Republican,Michigan,Justin Amash,233842454.0,justinamash
Karen_Bass,Democratic,California,Karen Bass,239949176.0,RepKarenBass
Mo_Brooks,Republican,Alabama,Mo Brooks,237299871.0,RepMoBrooks
Larry_Bucshon,Republican,Indiana,Larry Bucshon,234812598.0,RepLarryBucshon
David_Cicilline,Democratic,Rhode Island,David Cicilline,23593446.0,davidcicilline
Rick_Crawford_(politician),Republican,Arkansas,Rick Crawford,233693291.0,RepRickCrawford
Scott_DesJarlais,Republican,Tennessee,Scott DesJarlais,235312723.0,DesJarlaisTN04
Jeff_Duncan_(politician),Republican,South Carolina,Jeff Duncan,240393970.0,RepJeffDuncan
Chuck_Fleischmann,Republican,Tennessee,Chuck Fleischmann,235190657.0,RepChuck
Bill_Flores,Republican,Texas,Bill Flores,237312687.0,RepBillFlores
Bob_Gibbs,Republican,Ohio,Bob Gibbs,234822928.0,RepBobGibbs
Paul_Gosar,Republican,Arizona,Paul Gosar,240760644.0,RepGosar
Morgan_Griffith,Republican,Virginia,Morgan Griffith,234057152.0,RepMGriffith
Andy_Harris_(politician),Republican,Maryland,Andy Harris,960962340.0,RepAndyHarrisMD
Vicky_Hartzler,Republican,Missouri,Vicky Hartzler,237763317.0,RepHartzler
Jaime_Herrera_Beutler,Republican,Washington,Jaime Herrera Beutler,242926427.0,HerreraBeutler
Bill_Huizenga,Republican,Michigan,Bill Huizenga,233949261.0,RepHuizenga
Bill_Johnson_(Ohio_politician),Republican,Ohio,Bill Johnson,211530910.0,RepBillJohnson
Bill_Keating_(politician),Democratic,Massachusetts,Bill Keating,232992031.0,USRepKeating
Mike_Kelly_(Pennsylvania_politician),Republican,Pennsylvania,Mike Kelly,935368364.0,MikeKellyPA
Adam_Kinzinger,Republican,Illinois,Adam Kinzinger,219429281.0,RepKinzinger
Billy_Long,Republican,Missouri,Billy Long,1444015610.0,USRepLong
David_McKinley,Republican,West Virginia,David McKinley,240427862.0,RepMcKinley
Steven_Palazzo,Republican,Mississippi,Steven Palazzo,299883942.0,CongPalazzo
Cedric_Richmond,Democratic,Louisiana,Cedric Richmond,267854863.0,RepRichmond
Martha_Roby,Republican,Alabama,Martha Roby,224294785.0,RepMarthaRoby
Dennis_Ross_(politician),Republican,Florida,Dennis Ross,1.09032822955e+18,RepRossSpano
David_Schweikert,Republican,Arizona,David Schweikert,229197216.0,RepDavid
Austin_Scott_(politician),Republican,Georgia,Austin Scott,234797704.0,AustinScottGA08
Terri_Sewell,Democratic,Alabama,Terri Sewell,381152398.0,RepTerriSewell
Steve_Stivers,Republican,Ohio,Steve Stivers,211420609.0,RepSteveStivers
Scott_Tipton,Republican,Colorado,Scott Tipton,242873057.0,RepTipton
Daniel_Webster_(Florida_politician),Republican,Florida,Daniel Webster,281540744.0,RepWebster
Frederica_Wilson,Democratic,Florida,Frederica Wilson,234014087.0,RepWilson
Steve_Womack,Republican,Arkansas,Steve Womack,234469322.0,rep_stevewomack
Rob_Woodall,Republican,Georgia,Rob Woodall,2382685057.0,RepRobWoodall
Mark_Amodei,Republican,Nevada,Mark Amodei,402719755.0,MarkAmodeiNV2
Suzanne_Bonamici,Democratic,Oregon,Suzanne Bonamici,558769636.0,RepBonamici
Suzan_DelBene,Democratic,Washington,Suzan DelBene,995193054.0,RepDelBene
Thomas_Massie,Republican,Kentucky,Thomas Massie,975200486.0,RepThomasMassie
Dina_Titus,Democratic,Nevada,Dina Titus,122174004.0,repdinatitus
Andy_Barr_(American_politician),Republican,Kentucky,Andy Barr,1089334250.0,RepAndyBarr
Joyce_Beatty,Democratic,Ohio,Joyce Beatty,1531521632.0,RepBeatty
Ami_Bera,Democratic,California,Ami Bera,950783972.0,RepBera
Susan_Brooks,Republican,Indiana,Susan Brooks,1074101017.0,SusanWBrooks
Julia_Brownley,Democratic,California,Julia Brownley,1243902714.0,RepBrownley
Cheri_Bustos,Democratic,Illinois,Cheri Bustos,1092979962.0,RepCheri
Tony_Cárdenas,Democratic,California,Tony Cárdenas,1222257180.0,RepCardenas
Matt_Cartwright,Democratic,Pennsylvania,Matt Cartwright,776664410.0,RepCartwright
Joaquín_Castro,Democratic,Texas,Joaquín Castro,231510077.0,JoaquinCastrotx
Doug_Collins_(politician),Republican,Georgia,Doug Collins,1060487274.0,RepDougCollins
Paul_Cook_(politician),Republican,California,Paul Cook,1074412920.0,RepPaulCook
Rodney_Davis_(politician),Republican,Illinois,Rodney Davis,993153006.0,RodneyDavis
Lois_Frankel,Democratic,Florida,Lois Frankel,1077121945.0,RepLoisFrankel
Tulsi_Gabbard,Democratic,Hawaii,Tulsi Gabbard,1064206014.0,TulsiPress
Dennis_Heck,Democratic,Washington,Dennis Heck,1068499286.0,RepDennyHeck
George_Holding,Republican,North Carolina,George Holding,1058460818.0,RepHolding
Richard_Hudson_(American_politician),Republican,North Carolina,Richard Hudson,935033864.0,RepRichHudson
Jared_Huffman,Democratic,California,Jared Huffman,1071102246.0,RepHuffman
Hakeem_Jeffries,Democratic,New York,Hakeem Jeffries,467823431.0,RepJeffries
Joe_Kennedy_III,Democratic,Massachusetts,Joe Kennedy III,1055907624.0,RepJoeKennedy
Dan_Kildee,Democratic,Michigan,Dan Kildee,1045110018.0,RepDanKildee
Derek_Kilmer,Democratic,Washington,Derek Kilmer,1058917562.0,RepDerekKilmer
Ann_McLane_Kuster,Democratic,New Hampshire,Ann McLane Kuster,1058717720.0,RepAnnieKuster
Doug_LaMalfa,Republican,California,Doug LaMalfa,1069124515.0,RepLaMalfa
Alan_Lowenthal,Democratic,California,Alan Lowenthal,1055730738.0,RepLowenthal
Sean_Patrick_Maloney,Democratic,New York,Sean Patrick Maloney,1072467470.0,RepSeanMaloney
Mark_Meadows_(North_Carolina_politician),Republican,North Carolina,Mark Meadows,963480595.0,RepMarkMeadows
Grace_Meng,Democratic,New York,Grace Meng,1051127714.0,RepGraceMeng
Markwayne_Mullin,Republican,Oklahoma,Markwayne Mullin,1060370282.0,RepMullin
Scott_Perry_(politician),Republican,Pennsylvania,Scott Perry,18773159.0,RepScottPerry
Scott_Peters_(politician),Democratic,California,Scott Peters,1135486501.0,RepScottPeters
Mark_Pocan,Democratic,Wisconsin,Mark Pocan,1206227149.0,repmarkpocan
Tom_Rice,Republican,South Carolina,Tom Rice,1058345042.0,RepTomRice
Keith_Rothfus,Republican,Pennsylvania,Keith Rothfus,86936187.0,RothfusForPA
Raul_Ruiz_(politician),Democratic,California,Raul Ruiz,1089859058.0,CongressmanRuiz
Chris_Stewart_(politician),Republican,Utah,Chris Stewart,1072008757.0,RepChrisStewart
Eric_Swalwell,Democratic,California,Eric Swalwell,942156122.0,RepSwalwell
Mark_Takano,Democratic,California,Mark Takano,1037321378.0,RepMarkTakano
Juan_Vargas,Democratic,California,Juan Vargas,1260172386.0,RepJuanVargas
Marc_Veasey,Democratic,Texas,Marc Veasey,1074129612.0,RepVeasey
Ann_Wagner,Republican,Missouri,Ann Wagner,1051446626.0,RepAnnWagner
Jackie_Walorski,Republican,Indiana,Jackie Walorski,1065995022.0,RepWalorski
Randy_Weber,Republican,Texas,Randy Weber,1058051748.0,TXRandy14
Brad_Wenstrup,Republican,Ohio,Brad Wenstrup,518644221.0,RepBradWenstrup
Roger_Williams_(American_politician),Republican,Texas,Roger Williams,1077446982.0,RepRWilliams
Ted_Yoho,Republican,Florida,Ted Yoho,1071900114.0,RepTedYoho
Robin_Kelly,Democratic,Illinois,Robin Kelly,1339931490.0,RepRobinKelly
Jason_Smith_(politician),Republican,Missouri,Jason Smith,1623308912.0,RepJasonSmith
Katherine_Clark,Democratic,Massachusetts,Katherine Clark,2293131060.0,RepKClark
Bradley_Byrne,Republican,Alabama,Bradley Byrne,2253968388.0,RepByrne
Donald_Norcross,Democratic,New Jersey,Donald Norcross,3122099613.0,DonaldNorcross
Ralph_Abraham_(politician),Republican,Louisiana,Ralph Abraham,2962891515.0,RepAbraham
Pete_Aguilar,Democratic,California,Pete Aguilar,3018670151.0,RepPeteAguilar
Rick_W._Allen,Republican,Georgia,Rick W. Allen,2964287128.0,RepRickAllen
Brian_Babin,Republican,Texas,Brian Babin,2929491549.0,RepBrianBabin
Don_Beyer,Democratic,Virginia,Don Beyer,2962868158.0,RepDonBeyer
Mike_Bost,Republican,Illinois,Mike Bost,2964877294.0,RepBost
Brendan_Boyle,Democratic,Pennsylvania,Brendan Boyle,231108733.0,RepBrendanBoyle
Ken_Buck,Republican,Colorado,Ken Buck,2862577383.0,RepKenBuck
Buddy_Carter,Republican,Georgia,Buddy Carter,2973870195.0,RepBuddyCarter
Mark_DeSaulnier,Democratic,California,Mark DeSaulnier,2968007206.0,RepDeSaulnier
Debbie_Dingell,Democratic,Michigan,Debbie Dingell,2970279814.0,RepDebDingell
Tom_Emmer,Republican,Minnesota,Tom Emmer,2914515430.0,RepTomEmmer
Ruben_Gallego,Democratic,Arizona,Ruben Gallego,2966570782.0,RepRubenGallego
Garret_Graves,Republican,Louisiana,Garret Graves,2951574214.0,RepGarretGraves
Glenn_Grothman,Republican,Wisconsin,Glenn Grothman,2976606250.0,RepGrothman
Jody_Hice,Republican,Georgia,Jody Hice,2975091705.0,CongressmanHice
French_Hill_(politician),Republican,Arkansas,French Hill,2953974395.0,RepFrenchHill
Will_Hurd,Republican,Texas,Will Hurd,2963445730.0,HurdOnTheHill
John_Katko,Republican,New York,John Katko,2966765501.0,RepJohnKatko
Brenda_Lawrence,Democratic,Michigan,Brenda Lawrence,2863006655.0,RepLawrence
Ted_Lieu,Democratic,California,Ted Lieu,3044993235.0,RepTedLieu
Barry_Loudermilk,Republican,Georgia,Barry Loudermilk,2914163523.0,RepLoudermilk
John_Moolenaar,Republican,Michigan,John Moolenaar,2696643955.0,RepMoolenaar
Alex_Mooney,Republican,West Virginia,Alex Mooney,2964526557.0,RepAlexMooney
Seth_Moulton,Democratic,Massachusetts,Seth Moulton,248495200.0,sethmoulton
Dan_Newhouse,Republican,Washington,Dan Newhouse,2930635215.0,RepNewhouse
Gary_Palmer_(politician),Republican,Alabama,Gary Palmer,2861616083.0,USRepGaryPalmer
John_Ratcliffe_(American_politician),Republican,Texas,John Ratcliffe,2847221717.0,RepRatcliffe
Kathleen_Rice,Democratic,New York,Kathleen Rice,2970462034.0,RepKathleenRice
David_Rouzer,Republican,North Carolina,David Rouzer,834069080.0,RepDavidRouzer
Elise_Stefanik,Republican,New York,Elise Stefanik,2962813893.0,RepStefanik
Norma_Torres,Democratic,California,Norma Torres,236279233.0,NormaJTorres
Mark_Walker_(North_Carolina_politician),Republican,North Carolina,Mark Walker,2966205003.0,RepMarkWalker
Bonnie_Watson_Coleman,Democratic,New Jersey,Bonnie Watson Coleman,2968451607.0,RepBonnie
Bruce_Westerman,Republican,Arkansas,Bruce Westerman,2852998461.0,RepWesterman
Lee_Zeldin,Republican,New York,Lee Zeldin,2750127259.0,RepLeeZeldin
Trent_Kelly,Republican,Mississippi,Trent Kelly,3317799825.0,RepTrentKelly
Darin_LaHood,Republican,Illinois,Darin LaHood,3686482216.0,RepLaHood
Warren_Davidson,Republican,Ohio,Warren Davidson,7.42735530287e+17,WarrenDavidson
James_Comer_(politician),Republican,Kentucky,James Comer,838462994.0,KYComer
Dwight_Evans_(politician),Democratic,Pennsylvania,Dwight Evans,90639372.0,RepDwightEvans
Brad_Schneider,Democratic,Illinois,Brad Schneider,1071840474.0,RepSchneider
Jodey_Arrington,Republican,Texas,Jodey Arrington,8.16284664659e+17,RepArrington
Don_Bacon_(politician),Republican,Nebraska,Don Bacon,8.1897512446e+17,RepDonBacon
Jim_Banks,Republican,Indiana,Jim Banks,8.16131319034e+17,RepJimBanks
Nanette_Barragán,Democratic,California,Nanette Barragán,8.16833925457e+17,RepBarragan
Jack_Bergman,Republican,Michigan,Jack Bergman,8.15241612154e+17,RepJackBergman
Andy_Biggs,Republican,Arizona,Andy Biggs,8.16652616625e+17,RepAndyBiggsAZ
Lisa_Blunt_Rochester,Democratic,Delaware,Lisa Blunt Rochester,8.17050219007e+17,RepLBR
Anthony_G._Brown,Democratic,Maryland,Anthony G. Brown,8.23552974253e+17,RepAnthonyBrown
Ted_Budd,Republican,North Carolina,Ted Budd,8.17138492615e+17,RepTedBudd
Salud_Carbajal,Democratic,California,Salud Carbajal,8.16157667882e+17,RepCarbajal
Liz_Cheney,Republican,Wyoming,Liz Cheney,8.16719802329e+17,RepLizCheney
Lou_Correa,Democratic,California,Lou Correa,8.15985039486e+17,RepLouCorrea
Charlie_Crist,Democratic,Florida,Charlie Crist,8.16030424779e+17,RepCharlieCrist
Val_Demings,Democratic,Florida,Val Demings,7.98973032363e+17,RepValDemings
Neal_Dunn,Republican,Florida,Neal Dunn,8.15952318487e+17,DrNealDunnFL2
Adriano_Espaillat,Democratic,New York,Adriano Espaillat,8.17076257771e+17,RepEspaillat
Drew_Ferguson_(politician),Republican,Georgia,Drew Ferguson,8.06583915012e+17,RepDrewFerguson
Brian_Fitzpatrick_(American_politician),Republican,Pennsylvania,Brian Fitzpatrick,8.16303263587e+17,RepBrianFitz
Matt_Gaetz,Republican,Florida,Matt Gaetz,8.1894863889e+17,RepMattGaetz
Mike_Gallagher_(American_politician),Republican,Wisconsin,Mike Gallagher,8.159666203e+17,RepGallagher
Josh_Gottheimer,Democratic,New Jersey,Josh Gottheimer,8.15310506597e+17,RepJoshG
Clay_Higgins,Republican,Louisiana,Clay Higgins,8.43636970539e+17,RepClayHiggins
Trey_Hollingsworth,Republican,Indiana,Trey Hollingsworth,8.11986281178e+17,RepTrey
Pramila_Jayapal,Democratic,Washington,Pramila Jayapal,8.15733290955e+17,RepJayapal
Mike_Johnson_(Louisiana_politician),Republican,Louisiana,Mike Johnson,8.27279765288e+17,RepMikeJohnson
Ro_Khanna,Democratic,California,Ro Khanna,8.16298918468e+17,RepRoKhanna
Raja_Krishnamoorthi,Democratic,Illinois,Raja Krishnamoorthi,8.14179031956e+17,CongressmanRaja
David_Kustoff,Republican,Tennessee,David Kustoff,8.16012124506e+17,RepDavidKustoff
Al_Lawson,Democratic,Florida,Al Lawson,8.18472418621e+17,RepAlLawsonJr
Roger_Marshall_(politician),Republican,Kansas,Roger Marshall,7.52364246219e+17,RepMarshall
Brian_Mast,Republican,Florida,Brian Mast,8.14103950404e+17,RepBrianMast
Donald_McEachin,Democratic,Virginia,Donald McEachin,8.16181091673e+17,RepMcEachin
Paul_Mitchell_(politician),Republican,Michigan,Paul Mitchell,8.11632636599e+17,RepPaulMitchell
Stephanie_Murphy,Democratic,Florida,Stephanie Murphy,7.96183515998e+17,RepStephMurphy
Tom_O'Halleran,Democratic,Arizona,Tom O'Halleran,8.08416682973e+17,RepOHalleran
Jimmy_Panetta,Democratic,California,Jimmy Panetta,7.96736612554e+17,RepJimmyPanetta
Jamie_Raskin,Democratic,Maryland,Jamie Raskin,8.06906355215e+17,RepRaskin
Francis_Rooney,Republican,Florida,Francis Rooney,8.16111677918e+17,RepRooney
John_Rutherford_(Florida_politician),Republican,Florida,John Rutherford,8.28977216596e+17,RepRutherfordFL
Lloyd_Smucker,Republican,Pennsylvania,Lloyd Smucker,41417564.0,RepSmucker
Darren_Soto,Democratic,Florida,Darren Soto,8.18713465653e+17,RepDarrenSoto
Thomas_Suozzi,Democratic,New York,Thomas Suozzi,8.16705409487e+17,RepTomSuozzi
Scott_Taylor_(politician),Republican,Virginia,Scott Taylor,1.07504013935e+18,RepVanTaylor
Ron_Estes,Republican,Kansas,Ron Estes,8.54715071117e+17,RepRonEstes
Jimmy_Gomez,Democratic,California,Jimmy Gomez,2371339658.0,RepJimmyGomez
Ralph_Norman,Republican,South Carolina,Ralph Norman,8.80480631109e+17,RepRalphNorman
John_Curtis_(American_politician),Republican,Utah,John Curtis,9.3161448305e+17,RepJohnCurtis
Conor_Lamb,Democratic,Pennsylvania,Conor Lamb,9.84456621417e+17,RepConorLamb
Debbie_Lesko,Republican,Arizona,Debbie Lesko,9.96094929734e+17,RepDLesko
Michael_Cloud,Republican,Texas,Michael Cloud,1.0398796584e+18,RepCloudTX
Troy_Balderson,Republican,Ohio,Troy Balderson,1.03734153659e+18,RepBalderson
